student_id,gender,study_time_hours,attendance_percent,sleep_hours,parental_education,internet_access,extracurricular_activities,part_time_job,previous_grade,final_exam_score,final_grade
294,Female,5.4,80.7,6.5,Masters,Yes,Yes,Yes,76.7,93.7,A
513,Male,5.3,90.6,6.5,,Yes,Yes,No,75.5,88.9,B
104,Female,4.8,97.6,4.5,High School,Yes,No,No,60.9,92.7,A
23,Female,3.7,81.8,-2,High School,No,No,No,74.8,73.4,C
453,Female,5,84.7,9.5,High School,Yes,No,No,66.7,92.8,A
469,Male,5.6,95,,Bachelors,Yes,No,No,69.9,100,A
554,Female,2.7,86,6.3,High School,Yes,Yes,No,62.2,83.4,B
2,Female,6.3,100,5.7,High School,Yes,Yes,Yes,75.5,100,A
652,Female ,1.3,130,7,Bachelors,Yes,No,No,65.7,73.3,C
633,Male,3,91.4,6.3,Bachelors,Yes,Yes,Yes,76.6,89.4,B
938,Male,4.2,100,7.1,PhD,No,Yes,Yes,65.6,93.1,A
638,Male,6.7,71.9,8.2,High School,Yes,No,No,68.6,99.9,A
111,Female,1.9,100,6.5,High School,Yes,No,Yes,56.8,61.7,D
851,Male,6,85.1,8,Bachelors,Yes,No,Yes,81.2,99.5,A
275,Male,2.6,98.2,5.4,High School,No,Yes,No,59.6,74.4,C
917,Female,3.2,81.2,7.1,Masters,Yes,Yes,Yes,79.3,88.1,B
959,Female,4.9,63.5,5.6,Bachelors,Yes,Yes,No,73,87.6,B
660,Female,4.8,96.2,4.3,Masters,Yes,Yes,Yes,45.7,85.4,B
462,Male ,7.2,76.3,5.8,Bachelors,Yes,No,No,81.5,100,A
78,Female ,3.8,76.5,5.3,Bachelors,Yes,Yes,No,72.3,79.3,C
43,Female,5.1,82.8,8.1,Bachelors,Yes,Yes,No,95.7,100,A
329,Female,3.4,79.6,7.2,High School,Yes,Yes,No,62.6,63.7,D
756,Female,5.6,85.5,4.2,Bachelors,Yes,Yes,Yes,57.3,89.8,B
198,Female,6.9,85.6,8.3,Bachelors,Yes,Yes,No,67.3,92.2,A
654,Male,5.1,67.3,6.6,Bachelors,No,Yes,Yes,58.8,74.8,C
635,Female,4.3,85.6,8.2,High School,Yes,No,No,61.1,76,C
772,Male ,6.9,81.8,6.9,,Yes,Yes,Yes,63.8,91.6,A
682,Male,5.2,83.7,6.8,PhD,Yes,No,No,65.5,93.9,A
856,Male,3.2,,10,PhD,Yes,No,Yes,73.8,79,C
872,Female,4.1,80.8,5.9,High School,Yes,Yes,Yes,76.9,92.6,A
740,Female,1.8,90.5,7.7,High School,Yes,Yes,No,60,81.8,B
564,Male,3.9,84.5,4.8,High School,No,No,Yes,84.3,78.7,C
46,Female,0.5,93.2,5.6,High School,No,No,Yes,83.9,61.8,D
223,Female,0.8,88.2,7.9,High School,No,No,Yes,66.8,70.5,C
177,Male,-3,60.8,,High School,Yes,Yes,No,65,89.2,B
15,Female,1.1,74.5,5.9,Masters,Yes,Yes,Yes,71,73.9,C
295,Female,4.6,89,7.6,Masters,Yes,No,No,79,100,A
214,Male,4.1,77.7,6.2,High School,Yes,Yes,Yes,52.1,78.5,C
791,Female,1,68.9,5,High School,Yes,Yes,No,77.6,57.6,F
506,Male,4.3,85.1,,High School,Yes,Yes,Yes,84.7,100,A
421,Female,3.8,87.7,6.7,Bachelors,Yes,Yes,Yes,54,69.9,D
404,Male,1,98.4,7,Bachelors,Yes,No,No,69.9,86.5,B
606,Male,0.5,92.5,7.5,High School,Yes,No,No,76.2,76.4,C
842,Female,3.3,79,8.3,Bachelors,Yes,Yes,No,70.7,79.2,C
285,Female ,5.4,82.6,6,Masters,Yes,Yes,Yes,52.9,83.3,B
102,Female,1.9,67.4,6.7,Bachelors,Yes,Yes,Yes,75.5,66.3,D
602,Female,4.8,90.2,6.9,High School,Yes,No,No,67.8,95.1,A
124,Male,2.3,99.8,5.2,Bachelors,Yes,Yes,No,74.1,88.1,B
79,Male,3.3,79.2,7.8,High School,Yes,Yes,Yes,60.6,74.9,C
546,Female,6.3,90,6.3,High School,Yes,Yes,No,85.1,100,A
704,Female,3.2,99.5,7,Bachelors,Yes,Yes,No,78.7,89.6,B
90,Female,3.1,91.5,7.7,Bachelors,Yes,No,Yes,67.3,84.5,B
248,Male,2.9,95.3,7.2,Bachelors,No,No,No,73.9,76.5,C
956,Male,3.5,89.2,6.5,Bachelors,Yes,Yes,No,62.5,88.3,B
776,Male,6.9,87.5,7.3,High School,Yes,No,Yes,33.5,88.6,B
760,Unknown,3.5,99.9,7.4,Bachelors,No,Yes,Yes,69.8,72.1,C
994,Female,6.2,87.6,,PhD,Yes,No,No,75.4,92.7,A
562,Male,2.5,84.7,3.2,Bachelors,No,No,No,90.1,83.9,B
881,Male,3.3,67.2,5.7,Bachelors,Yes,Yes,No,82.6,81.4,B
852,Female,2.7,75.5,5.3,High School,Yes,Yes,No,74.7,80.7,B
399,Female,4.3,85.8,6.2,Bachelors,Yes,Yes,No,69.2,90.4,A
579,Female,3.4,90.6,8.3,Bachelors,Yes,No,No,41.6,83.3,B
899,Male,2.3,80.4,4.9,,Yes,Yes,No,72.4,66.7,D
937,Female,3.4,89.6,4.9,Bachelors,Yes,No,No,66.1,85.6,B
84,Female,2.6,89.4,6.5,Bachelors,Yes,No,No,96.4,90,A
814,Female,5.5,89.9,7.3,High School,No,No,Yes,59.1,75.6,C
143,Female,3.9,80.1,9.3,Bachelors,Yes,No,Yes,74.4,88.5,B
375,Male,2.6,100,7.6,Masters,Yes,No,No,65.6,91.7,A
199,Male,3.8,89.3,8.1,Masters,Yes,Yes,No,57.5,87.3,B
875,Female,4.3,89.4,6.5,High School,Yes,No,No,60.7,93.8,A
327,Male,2.7,63.3,7.4,Masters,No,Yes,No,71.8,63.7,D
213,Male,2.8,85.2,8.2,High School,Yes,Yes,Yes,51.2,70,C
973,Male,1.3,67.2,7.3,Bachelors,Yes,No,No,79,84.1,B
405,Female,4.1,66.2,7.5,Bachelors,Yes,No,No,80.5,84.7,B
219,Female,4.1,80.2,6.1,Bachelors,Yes,No,No,63.9,86.8,B
390,Male,1.1,71.8,6.5,Bachelors,Yes,Yes,Yes,69.6,69.5,D
363,Male,2.6,86.9,7.3,Bachelors,Yes,Yes,Yes,55.1,66.7,D
765,Male,2,83.2,7.8,Bachelors,Yes,Yes,No,71.5,85.4,B
549,Female,4.2,100,7.9,High School,Yes,Yes,No,76.7,100,A
238,Female,5.5,78.3,8.5,,Yes,No,No,73.4,84.4,B
985,Female,3.2,83.4,6.7,Bachelors,Yes,Yes,No,55.9,75.4,C
314,Male,3.2,86.8,8.4,Bachelors,Yes,No,No,59.8,79.4,C
270,Male,3.6,82,7.8,,Yes,No,No,84.8,80.2,B
14,Male,5.4,78.4,6.9,Bachelors,No,No,No,67.9,93.3,A
118,Female,4.3,85,6.1,High School,Yes,Yes,No,58.8,96.2,A
387,Male,4.4,78.8,6.6,High School,Yes,No,No,56.9,79.4,C
737,Female,4.5,84.8,7.4,High School,No,Yes,No,80.5,95,A
153,Male,5,73.3,5.3,High School,Yes,No,Yes,78.6,84.7,B
843,Male,4.9,66.3,7.7,High School,Yes,No,No,65.3,85.1,B
912,Male,3.1,99,5.7,,Yes,Yes,No,100,100,A
242,Male,3.3,97.8,7.6,High School,Yes,No,Yes,70.4,85.1,B
452,Female,2,86.1,8.8,High School,Yes,Yes,Yes,85.7,82,B
559,Female,6.3,91.2,7.2,Masters,Yes,No,Yes,70.6,99.8,A
753,Female,4.4,72.6,7.4,High School,Yes,No,Yes,93.6,96.4,A
189,Male,4.7,89.7,9.9,Bachelors,Yes,Yes,No,90.9,100,A
593,Male,1.1,77.3,7.5,Masters,Yes,Yes,No,64.3,73.2,C
215,Male,4.6,83.2,4.5,Bachelors,Yes,Yes,No,58,84.7,B
201,Male,2.8,86.8,5.2,High School,Yes,No,Yes,90.2,94.6,A
6,Female,4.2,78.2,5.7,High School,Yes,No,No,79.8,81.6,B
7,Male,1.5,130,5,High School,Yes,Yes,Yes,58.6,69.6,D
683,Male,2.8,99.2,7.1,Bachelors,Yes,Yes,Yes,54.5,73.9,C
645,Female,3.1,93.1,3.8,Bachelors,Yes,No,Yes,86.5,82.9,B
350,Male,4.2,68.8,6.2,Masters,Yes,Yes,Yes,50.5,74,C
805,Female,3.7,69,6.3,High School,Yes,Yes,No,72.9,87.7,B
206,Male,2.8,55.8,6.3,Bachelors,Yes,Yes,Yes,76.1,61.1,D
795,Male,3.8,83.1,8,High School,Yes,No,No,75.7,89.5,B
978,Female,2,96.1,5.2,Bachelors,Yes,Yes,No,60.7,72.1,C
261,Male,0.5,83.1,6.4,,Yes,Yes,No,68.9,71.3,C
598,Male,3.4,93.6,7.1,Masters,No,Yes,No,77.5,80.9,Z
186,Male,6,72.5,5.1,Bachelors,Yes,No,No,75.5,95.7,A
551,Male,2,87.5,6.1,,Yes,No,No,74.1,75.4,C
384,Male ,6.2,90.5,6.6,High School,Yes,Yes,No,84,100,A
426,Male,2.8,86.5,6,High School,Yes,Yes,No,48.9,86.2,B
866,Male,4.8,100,7.2,High School,Yes,No,Yes,48,89.8,B
479,Male,2.6,98,7.3,Masters,Yes,No,Yes,86.2,87.4,B
889,Female,5.3,74.1,5.7,Bachelors,Yes,Yes,Yes,69.8,82.2,B
358,Female,3.5,96.6,7.5,High School,Yes,No,Yes,91.7,85.3,B
741,Male,,73.2,4.5,High School,Yes,No,No,49.4,62.9,D
156,Female,1.8,100,5.3,,Yes,Yes,No,71.7,87.6,B
493,Male,3.5,68.2,-2,Bachelors,Yes,Yes,No,63.3,66.7,D
815,Female,-3,100,7,High School,Yes,Yes,No,64.6,78,C
744,male,4,92.2,6.3,Bachelors,Yes,No,Yes,67.3,82.4,B
27,Female,1.2,89.6,,Masters,Yes,No,Yes,68.7,78.7,C
11,Male,0.9,-15,5.7,High School,Yes,No,Yes,73.4,68.9,D
388,Male,5,86.9,4.9,,Yes,Yes,No,100,100,A
98,Female,3.8,81,5.9,High School,No,No,No,87.5,88.5,B
827,Male,2.4,93.8,8.8,Bachelors,Yes,No,No,73.7,86.3,B
323,Female,0.5,83.7,6.4,Bachelors,Yes,Yes,No,70.4,73.5,C
612,Female,4.5,76.2,5.3,Bachelors,Yes,Yes,Yes,74.7,79.8,C
30,Female,2.4,94.3,7.1,Bachelors,Yes,Yes,No,86.8,89.8,B
193,Male,1.3,77.7,7.1,Bachelors,Yes,No,No,74,75.2,C
65,Male,3.4,88.1,5.7,Bachelors,Yes,No,Yes,47.9,80.8,B
908,Male,4.8,76.9,7.2,High School,Yes,No,Yes,69.3,86,B
147,Male,3.4,88.2,7.5,High School,Yes,No,Yes,70.4,82,B
563,Male,3.4,,6.6,Masters,No,No,No,52.5,75.3,C
707,Female,4.6,91.2,6.7,High School,Yes,No,Yes,66.9,92.9,A
448,Female,2.3,87.9,6.5,High School,Yes,Yes,Yes,82,87.1,B
903,Female,1.8,79,6,Masters,Yes,Yes,No,75.5,73.3,C
768,Female,1.5,87.3,6.4,High School,Yes,Yes,Yes,57.3,71.2,C
722,Male,1.9,91.4,7.5,Masters,Yes,No,No,61.2,70.7,C
521,Female,1.5,69.3,6.3,High School,Yes,No,Yes,81.6,64.7,D
337,Male,1.5,92.4,5.5,High School,Yes,No,No,83.1,87.1,B
230,Male ,3.7,100,7.6,High School,Yes,Yes,Yes,71.9,82.7,B
818,Male,4.3,72.1,8.3,High School,Yes,Yes,No,54.5,82.2,B
224,Female,5.7,82.5,8.3,Bachelors,Yes,No,Yes,74.4,89.9,B
548,Female,0.5,83.9,7.9,Bachelors,Yes,No,No,94.7,88.8,B
751,Female,5.3,86,7.9,Masters,Yes,No,No,60.7,88.8,B
618,Female,2.5,81.9,9.1,High School,Yes,No,No,38.2,79.1,C
504,Female,5.2,84.9,7.3,High School,No,Yes,No,58.2,88.9,B
116,Female,6.4,79.5,8,Masters,No,No,Yes,91.6,94.5,A
16,Male,2.6,90.4,7,High School,Yes,Yes,No,65.6,84.8,B
860,Male,,86,7.7,High School,No,No,Yes,80,66.5,D
53,Male,0.9,89.9,6.3,Masters,Yes,No,No,66.8,72.6,C
157,Male,4.3,100,6.5,High School,Yes,No,No,63.8,87.7,B
315,Male,2.7,,7.3,Masters,Yes,Yes,No,99.3,100,A
701,Female,5,79.9,6.7,,Yes,No,No,57.5,84.5,B
509,Female,5.6,84.1,7.4,High School,No,Yes,Yes,42.6,76.1,C
257,Male,3.1,84.2,5.8,High School,Yes,No,No,81.7,86.7,B
801,Male,2,70.8,5.4,High School,Yes,Yes,No,100,83,B
532,Female,3.8,78.8,7.6,High School,Yes,Yes,No,77.2,89.6,B
898,Female,4.9,75.2,7.9,Bachelors,Yes,Yes,No,55.9,78.8,C
161,Male,4.4,75,5.1,Bachelors,Yes,No,No,75.7,87.9,B
185,Male,3.5,92.9,6.8,Masters,Yes,No,No,46.4,85.8,B
437,Female,6.9,82.8,6.7,,Yes,Yes,Yes,63.1,100,A
966,Unknown,0.8,91.2,6.4,Bachelors,Yes,No,No,64,76.2,C
57,Female,0.5,86.8,5.2,Masters,Yes,Yes,No,87.2,71.5,C
246,Female,5.8,76.5,7.4,Bachelors,Yes,Yes,No,79.9,100,A
571,Female,4,63.6,7.9,Bachelors,Yes,Yes,Yes,67.4,63.3,D
582,Male,6.2,83.5,6.1,High School,Yes,Yes,Yes,72,82.7,B
901,Male,0.7,92.8,6.4,High School,Yes,No,No,70.5,69.9,D
793,Male,2,100,8,Masters,Yes,Yes,Yes,64.5,91.2,A
209,Female,5.1,61.4,7.8,High School,Yes,Yes,Yes,100,96.1,A
109,Female,5.8,100,5.3,High School,Yes,Yes,No,65.2,100,A
719,Female,5.2,73.1,5.9,High School,Yes,Yes,No,47,99.1,A
334,Male,3.4,80.6,6.9,Masters,Yes,Yes,No,73.1,81.2,B
575,Male,4.5,84.5,5.8,High School,Yes,Yes,No,77.6,84.9,B
935,female,3.6,89.4,7,Bachelors,Yes,No,No,95.3,100,A
953,Male,2.9,85.1,7.4,Bachelors,Yes,Yes,Yes,63.3,89.5,B
721,Female,4.4,76,5.2,High School,Yes,Yes,No,74,83.8,B
374,Female,4.6,98.1,7.5,Masters,Yes,No,No,64.4,85.8,B
152,Male,2.9,79.7,7.9,Masters,Yes,Yes,Yes,73.2,75.9,C
343,Male,2.7,88.7,5.9,Masters,Yes,No,No,53.8,92,A
674,Female,2.9,86.9,6.3,Masters,Yes,No,No,59.9,73.2,C
386,Female,2.7,100,5.9,PhD,Yes,No,No,54.6,79.1,C
117,Male,1.4,76.8,6.4,,No,Yes,No,76.6,59.3,F
94,Female,5.2,,7.6,Bachelors,Yes,Yes,No,69.5,88.1,B
716,Female,0.5,76,7.8,High School,No,Yes,No,62.5,54.1,F
690,Female,2.8,81.8,9,High School,Yes,Yes,No,49.1,67.7,D
9,Male,5.3,81.3,,Bachelors,Yes,No,No,63.8,84.4,B
72,Female,1.9,88.8,7.1,Bachelors,Yes,Yes,No,70.7,77.4,C
922,Male,3.5,83.2,7.2,High School,Yes,Yes,No,75.7,90.5,A
943,Female,1.7,92,-2,Masters,Yes,Yes,No,55.2,68.6,D
52,Female,1.4,130,7.8,High School,No,No,No,72.9,81.8,B
884,Female,,84.2,7.6,High School,Yes,No,Yes,74.8,94.4,A
63,Male,2.7,97.4,5.9,Bachelors,Yes,Yes,No,87.6,87.8,B
220,Male,6.3,75.5,6.6,,Yes,No,No,67.8,100,A
939,Female,,84.9,,High School,Yes,No,No,64.9,77.3,C
670,Male,2.5,76.8,5.8,Masters,Yes,No,Yes,52.2,66.4,D
131,Female,4.3,100,,High School,Yes,No,Yes,80,100,A
419,Female,2.8,67,6.7,Masters,Yes,No,No,65.6,79.2,C
921,Male,3.5,91.1,7.4,,Yes,Yes,Yes,64.5,72.8,C
726,Male,3.8,-15,6.5,High School,Yes,No,No,91.8,100,A
777,Male,1.4,90,6.2,Bachelors,Yes,Yes,No,82.3,73.6,C
392,Male,3.1,84.6,6.5,High School,Yes,Yes,No,62.4,87.3,B
963,Female,1.4,91.9,7.6,Masters,Yes,Yes,Yes,62.8,73,C
290,Female,2.3,81.8,4.4,Bachelors,Yes,No,No,63.5,74.1,C
586,Male,2.5,55.6,6.7,Bachelors,Yes,Yes,No,64.8,67.7,D
810,Male,4.2,78.4,4.5,High School,No,No,No,84.5,82.5,B
812,Male,,85.2,4.5,Bachelors,Yes,Yes,No,74.9,88.4,B
816,Male,2.9,83.1,7.3,High School,Yes,Yes,No,57.8,80,B
900,Male,,89.6,8.6,High School,Yes,No,No,51.3,68.8,D
974,Male,,89.1,5.6,High School,No,Yes,Yes,71.2,77.9,C
283,Female,0.5,93.4,7.5,High School,Yes,Yes,Yes,60,69.9,D
461,Female,3.9,97.7,6.1,High School,Yes,Yes,Yes,77.1,98.2,A
950,Male,3,90.8,5.2,Bachelors,No,Yes,Yes,65.8,65.8,D
747,Male,5.9,91.7,4.7,Bachelors,Yes,Yes,Yes,57.3,100,A
537,Female,3.7,74.3,6.6,Masters,Yes,Yes,No,65.4,87.7,B
909,Male,3.6,76.7,5.4,Bachelors,Yes,No,No,51.8,73.1,C
352,Male,5,74.3,7.2,High School,Yes,No,No,69.5,86.5,B
678,Female,0.9,84,6.2,Masters,Yes,Yes,Yes,87.9,67.7,D
475,Male,3.8,83.7,6.2,Bachelors,No,No,No,78.5,90.9,A
47,Female,3.1,93.6,6.8,Bachelors,Yes,Yes,Yes,62.7,68,D
371,Female,4.2,83.6,7,Bachelors,Yes,No,Yes,81.4,80.2,B
286,Male,0.5,81.3,7.5,High School,Yes,No,Yes,72.1,69.5,D
832,Male,3.9,84.3,6.2,,Yes,Yes,No,78,91.2,A
328,Male,4.1,93.5,5.1,PhD,Yes,Yes,No,66.5,82.6,B
106,female,5.7,100,6,Masters,Yes,Yes,Yes,65.3,92.5,A
487,Male ,1.4,81.9,4.3,High School,Yes,No,No,69.6,66.6,D
45,Female,1.7,88.1,7.5,Bachelors,No,Yes,No,71.9,70.8,C
802,Female,3.2,82.3,7.9,High School,Yes,No,No,78.7,94,A
178,Male,3,93.8,7.1,High School,No,Yes,No,70.4,81.7,B
130,Female,4.6,83.8,7.2,High School,Yes,Yes,No,73.6,87.1,B
661,Female,,85,8.2,Bachelors,Yes,No,No,71.9,95.2,A
168,Male,3.9,76.7,7.3,High School,Yes,Yes,No,83.5,82.1,B
556,Female,4.8,81.1,6.2,Bachelors,Yes,Yes,No,44.7,80.7,B
873,Female,2.4,59,8.2,High School,Yes,No,No,68.7,75.5,C
247,Male,3.3,78.6,7,Bachelors,Yes,No,No,80.5,92.2,A
37,Female,3.1,81.4,6.5,High School,Yes,No,Yes,87.7,83.2,B
442,Female,2.7,99.1,6.7,High School,Yes,Yes,Yes,69.4,87.5,B
616,Male,4.9,83.6,5.8,High School,Yes,Yes,No,75.7,92.4,A
785,Female,4.6,94.9,5.7,,Yes,Yes,No,56.6,92.6,A
281,Female,,75,7.8,Bachelors,No,No,No,75.3,81.1,B
50,Female,3.6,87.8,-2,High School,Yes,Yes,No,48.5,69.4,D
20,Male,4.4,77.4,8.4,Masters,No,No,Yes,77,92.8,A
642,Female,3.7,97.4,7.3,High School,Yes,Yes,No,67,97.9,A
495,Male,7.3,94.6,4.1,Bachelors,Yes,No,No,83.6,88.5,B
300,Female,4.6,96.9,7.2,Masters,Yes,No,Yes,64.8,82.3,B
857,Male,2.6,100,4.8,Bachelors,Yes,No,No,66.2,91.7,A
512,Female,3.7,130,8.9,High School,Yes,Yes,Yes,65,88.2,B
853,Male,4.4,80.9,7,Bachelors,Yes,No,No,66.2,86.6,Z
458,Female,4.1,85.9,5.4,High School,No,Yes,No,95.1,89.9,B
477,Male,5.8,92.9,5.5,PhD,Yes,No,Yes,89.3,100,A
460,Male,4.2,74.7,5.5,Masters,Yes,Yes,No,69.3,86.8,B
587,Female,4.8,91.6,,Bachelors,No,Yes,No,91,89.2,B
822,Female,2.5,88.6,7.8,PhD,Yes,No,No,71.5,79.9,C
948,female,5.7,81.4,7.5,Masters,Yes,No,No,72.3,85.8,B
946,Male,5.3,84.3,4.9,High School,Yes,Yes,No,90.8,96.1,A
231,Female,3.7,88,5.9,PhD,Yes,Yes,No,79.8,98.3,A
422,Female,2.8,90.1,5.8,Bachelors,No,Yes,No,84.1,89.6,B
919,Female,4.3,100,8.1,PhD,Yes,Yes,No,84.8,97.3,A
309,Female,4.4,86.3,7.2,Bachelors,Yes,No,No,63.1,85.2,B
237,Female ,6.3,94.2,6.9,Masters,Yes,Yes,No,95.6,100,A
137,Male,,82.7,7.2,High School,No,No,Yes,55,59.7,F
486,Female,2.3,82.9,7.4,Masters,Yes,Yes,Yes,74.9,87.3,B
301,Male,3.1,80.4,7.4,Bachelors,Yes,Yes,Yes,75.3,80.9,Z
277,Male,3.5,63.8,7.5,High School,Yes,No,No,59.1,76.3,C
620,Male,4.1,87.1,5.2,Bachelors,Yes,Yes,No,61.1,80.3,B
524,Male,6.7,86.4,8.3,Bachelors,Yes,No,No,73.9,100,A
408,Female,1.6,91.7,5.7,Bachelors,Yes,Yes,No,64.5,90.4,A
601,Male,5.8,92.3,6.7,High School,Yes,Yes,Yes,69.1,93.4,A
203,Male,4.7,76.7,5.8,Bachelors,Yes,Yes,No,71.8,85.3,B
784,Female,4.8,89.7,6.3,High School,Yes,Yes,No,46.6,78.1,C
182,Male,2,90.2,7.6,,Yes,No,Yes,87.1,76.5,C
838,Male,4.1,83.2,7.6,High School,Yes,Yes,No,64.4,88.7,B
615,Female,5.6,78.2,4.5,,Yes,Yes,Yes,73.7,95,A
523,Female,4.5,73.1,6.3,High School,Yes,Yes,Yes,82.6,84.9,B
335,Female,4,90.1,9.1,,Yes,No,No,69.9,88.7,B
108,Female,2.2,86.8,8.5,High School,Yes,Yes,No,54.3,74,C
176,Female,6.6,77.5,6.9,Bachelors,Yes,Yes,No,56,89.7,B
140,Male,0.8,-15,7.4,Masters,Yes,No,No,78.4,80.2,B
954,Female,3.8,78.4,9,,Yes,Yes,No,66.3,77.9,C
599,Female,3.5,94.5,4.8,High School,Yes,Yes,No,72.3,86.4,B
159,Male,0.5,79,9.7,High School,Yes,Yes,No,48.9,63.7,D
126,Female,3.4,83.1,7.5,Bachelors,Yes,Yes,No,91.8,92.1,A
56,Female,3.5,96.7,8.5,Bachelors,Yes,Yes,Yes,71.2,84.3,B
347,Male,4.1,130,7.5,High School,Yes,No,No,76.6,87.2,B
789,Female,2.4,76.6,5.6,Bachelors,Yes,No,No,74.3,72.1,C
808,Male,4,71.4,6.1,High School,No,Yes,Yes,49.1,57.8,F
372,Female,,94.5,5.9,Bachelors,Yes,Yes,No,70.7,82.8,B
622,Female,4.5,76.8,4.9,Bachelors,No,No,No,78.9,79.3,C
792,Female,3.4,86.8,6.2,High School,No,No,Yes,68.6,67.6,D
305,Female,3,90.9,5.6,Bachelors,Yes,No,Yes,74.6,83.2,B
415,Male,4.9,100,7,Bachelors,No,Yes,Yes,48.5,83.3,B
500,Female,6.3,87.8,6.2,High School,Yes,No,No,73.9,99.6,A
291,Male,1.8,97.2,7.2,,Yes,No,No,93.9,94.9,A
418,Female,2.8,69.9,5.6,High School,Yes,Yes,No,80.8,84.9,B
931,Male,1.9,93.4,6.7,High School,Yes,No,No,62.7,72.9,C
655,Female,6,78.1,7.5,Masters,No,No,No,70.5,89.9,B
888,Female,3,85.3,7.7,High School,Yes,No,No,59.1,79.8,C
758,Male,3.7,87.4,6.1,Bachelors,Yes,Yes,Yes,82.6,82.5,B
184,male,3,79.7,6.5,Bachelors,Yes,No,No,73.4,83.6,B
580,Female,5.7,85.9,6.5,Masters,Yes,No,Yes,74.2,95.7,A
77,Female,,82.9,7.4,High School,Yes,Yes,No,60.3,71.9,C
916,Female,5,75,5.7,Bachelors,No,Yes,Yes,88,81.7,B
526,Unknown,3.8,100,7.2,,Yes,Yes,No,49.3,87.3,B
644,Male,2,80.1,6.8,Bachelors,No,Yes,No,77.2,70.4,C
69,Female,2.7,90.7,7.6,Bachelors,No,No,Yes,48.8,73.5,C
322,Male,6.1,100,6.8,High School,Yes,No,Yes,60.9,93.1,A
794,Female,1.8,85.1,-2,High School,Yes,Yes,Yes,72.9,86.8,B
585,Female,3.7,90.9,4.5,High School,Yes,No,No,82.7,84.6,B
847,Female,3.4,65.3,5.5,Bachelors,Yes,No,No,75.6,69.8,D
385,Male,4.6,-15,6.6,Bachelors,No,Yes,No,82.8,88.6,B
451,Female,5.8,73.6,9.1,Masters,No,Yes,No,54.2,77.9,C
876,Male,3.6,89,6.9,,Yes,Yes,No,90,81.4,B
520,Female,3.6,130,7.7,PhD,Yes,Yes,Yes,56.2,80.7,B
149,Male,2.5,80.3,6.3,,Yes,Yes,Yes,62.2,68.6,D
779,Female,5,100,5.4,,Yes,Yes,No,57.4,87.1,B
699,Female,4.1,79.5,6.6,Masters,Yes,Yes,No,71.9,85.5,B
406,Female,3.8,86.2,6.1,PhD,Yes,No,No,75.8,93,A
975,Female,3.5,74.7,5.4,,Yes,No,No,62,67.9,D
251,Female,4.7,75.4,7,High School,Yes,Yes,Yes,84.4,88.4,B
424,Male,2.2,94,6.1,Masters,No,No,No,62,64.6,D
459,Male,3.7,86.6,7.1,Bachelors,No,No,No,69.7,83.3,B
570,Male,5.2,98.7,8.9,PhD,Yes,No,Yes,53.1,90.9,A
227,Male,3.9,93.8,6.6,Bachelors,Yes,No,Yes,74.2,82.2,B
837,Male,4.5,92.4,8.4,Bachelors,Yes,Yes,Yes,90.7,100,A
934,Male,3.2,74,9.6,Bachelors,Yes,Yes,No,56.2,71.7,C
952,Female,3,85.5,6.6,Bachelors,Yes,No,No,73.5,83.6,B
698,Female,6.6,62,5.5,Bachelors,No,Yes,No,69.4,97.9,A
58,Male,3.4,72,7.6,Bachelors,Yes,No,No,66.9,84.3,B
878,Female,2.1,74.3,8.2,High School,No,Yes,No,78.4,65.4,D
839,Female,3.2,78.5,7.1,High School,Yes,Yes,No,54.6,86,B
858,Unknown,2,,8.1,PhD,Yes,Yes,No,73.8,78.8,C
239,Male,-3,100,7.3,Bachelors,Yes,Yes,No,89.8,100,A
687,Female,3.6,85.9,7,High School,Yes,No,No,62.9,91.7,Z
961,Male,0.5,80.2,6.5,Bachelors,Yes,No,No,66.8,75.4,C
902,Female,4.3,82.5,6.5,Masters,Yes,Yes,No,52.9,80.7,B
894,Male,3,89.6,7.5,,No,No,No,82.4,79.6,C
304,Female,4.2,82.4,7.5,High School,No,No,No,71.3,81.6,B
987,Female,1.4,86.6,8.5,High School,Yes,Yes,No,91.4,81.8,B
252,Male,3.6,89.2,7.9,Bachelors,Yes,No,Yes,70.1,91,Z
357,Female,2.6,85.7,6.9,Masters,Yes,No,No,52.3,80.9,B
656,Male,2.8,80.9,7,,Yes,No,Yes,78.2,72.6,C
383,Female,2.6,86.2,6.2,Masters,Yes,Yes,No,61.8,76.8,C
886,Male ,4.4,80.1,5.8,Masters,Yes,Yes,Yes,48.8,77.1,C
807,Female,2.6,100,9.5,Masters,Yes,No,Yes,69.6,80.1,B
611,Male,6.2,84.7,,High School,Yes,Yes,No,31.3,78.8,C
572,Male,4.2,100,6.5,Masters,Yes,No,Yes,68.5,85,B
430,Female,1.3,76.1,7.8,,Yes,Yes,No,71.2,72,C
900,Male,,89.6,8.6,High School,Yes,No,No,51.3,68.8,D
788,Female,3.4,86.5,7.7,High School,Yes,No,No,84.9,96.8,A
565,Female,3.1,67.3,,Bachelors,Yes,Yes,No,78.1,82.8,B
346,Male,2,81.5,8.8,,Yes,Yes,Yes,59.2,70.6,C
861,Female,3.6,76,,High School,Yes,No,No,85.4,91.1,A
877,Female,4.3,97.4,5.7,High School,Yes,No,Yes,65.5,98.8,A
13,Male,3.3,97,7,Masters,Yes,Yes,Yes,49,82.6,B
165,Female,3.6,84,4.9,PhD,Yes,No,No,76.2,88.7,B
910,Female,3.4,90.2,5.5,High School,Yes,No,Yes,77.6,87.6,B
289,Male,1.4,100,5.6,,No,Yes,No,70,72.3,C
573,Male,4.4,95.6,8.2,High School,Yes,No,Yes,71.2,88.7,B
879,Male,3.8,91.8,7.6,High School,Yes,Yes,No,47.5,77.6,C
80,Female,3.2,90.9,7.9,High School,Yes,No,No,72.4,87.4,B
365,male,2.1,58,8.9,Bachelors,Yes,Yes,No,61.5,57.4,F
848,Female,7.4,93.9,-2,High School,No,No,No,77.3,100,A
216,Male,2.1,98.7,7.5,High School,Yes,No,No,58.9,74.7,C
764,Female,2.2,68.6,5.7,High School,Yes,Yes,No,58.3,81.2,B
613,Female,2.6,83.4,,High School,Yes,Yes,Yes,70.4,70,C
689,Male,5,78.8,5.9,High School,Yes,No,No,56.6,81.5,B
210,Male,2.7,74.9,,Bachelors,Yes,No,No,57.7,73.1,C
665,Male,2.6,93.3,5.2,Bachelors,Yes,No,No,79,85.8,B
306,Male,5.2,80.3,6.5,Bachelors,Yes,Yes,No,55.9,80.7,B
723,Female,2.6,81.7,7.3,Bachelors,No,Yes,No,82.7,69.9,D
534,Male,3.8,80.3,8.4,Bachelors,Yes,No,No,71.4,92.8,A
316,Female,5.1,89.9,8.1,PhD,Yes,Yes,No,75.2,100,A
287,male,3,81.1,7.1,Bachelors,Yes,No,No,46.4,68.5,D
10,Female,2.8,,5.1,Bachelors,Yes,Yes,No,57.7,74.3,C
662,Male,1.1,84.9,6.4,High School,Yes,Yes,Yes,70.4,69,D
834,Female,6.7,82.5,7.7,Bachelors,No,No,No,63.3,89,B
787,Male,3.7,81.8,5.2,Bachelors,Yes,No,No,58.9,77,C
594,Female,4.6,-15,7,High School,No,Yes,No,69.5,87,B
120,Unknown,2.8,80.5,5.8,Bachelors,Yes,No,No,72.4,73.3,C
268,Female,1.8,81.5,8,Masters,Yes,Yes,No,88.9,83.9,B
312,Male,1.6,78.2,5.2,Masters,Yes,No,Yes,63.2,63.4,D
496,Male,2.7,100,4.3,Bachelors,No,No,No,74.8,79.4,C
511,Male,3.2,82.4,4.3,High School,Yes,Yes,Yes,79.2,79.9,C
83,Male,2.7,73,7.6,High School,Yes,No,Yes,55.3,64.1,D
823,Female,1.4,81.9,7.9,Bachelors,No,Yes,No,64,71.6,C
715,Female,5,88.8,6,PhD,Yes,Yes,No,78.4,91.9,A
581,Female,2.5,83,7.2,Bachelors,Yes,Yes,No,58.2,70.4,C
412,Female,,77,4.7,High School,Yes,No,No,81.6,90.2,A
603,Female,3.2,78.6,,Bachelors,Yes,No,No,77.1,83.9,B
970,Male,0.5,87.6,6.6,PhD,Yes,Yes,No,67.8,78.3,C
341,Male,3.5,79.6,8,High School,Yes,Yes,No,74.9,96.3,A
729,Male,3.7,92.4,7.3,Bachelors,Yes,Yes,No,63,85,B
905,Male,4.1,100,8.5,High School,Yes,No,No,64.6,90.8,A
129,Female,2.6,84.2,6.6,High School,Yes,No,Yes,68.7,81.1,B
518,Female,5.4,88.7,7.2,,No,Yes,No,68.9,86.3,B
380,Male,2.4,76.6,7.8,Masters,Yes,Yes,No,59.3,79.4,C
119,Female,2.5,83.3,5.5,Bachelors,Yes,Yes,Yes,83.3,75.3,C
692,Female,2.9,97,7.5,High School,Yes,Yes,Yes,42.7,79.9,C
712,Female,0.5,74.3,7.5,Bachelors,Yes,Yes,No,64.7,67.1,D
282,Female,5.8,80,5.3,Masters,Yes,Yes,No,52.8,84.5,B
627,Male,,77.3,5.3,High School,No,Yes,No,84,96.8,A
28,Female,5.4,100,5.7,High School,No,No,No,83.3,97.4,A
992,Female,5.1,71.7,5.6,Bachelors,Yes,Yes,No,51,80.4,B
321,Female,1.6,91.7,7,High School,Yes,No,No,56.6,85.3,B
734,Female,-3,83.1,8.8,Masters,Yes,No,No,86.3,99.6,A
355,Female ,0.7,84,7.3,Masters,Yes,Yes,Yes,72.2,72,C
929,Female,3.5,91.7,6.4,High School,Yes,No,Yes,62.6,75.4,C
610,Female,3.1,95.7,6.9,,Yes,Yes,No,86.2,96.3,A
731,Male,7.1,82.7,6.6,Masters,Yes,No,No,93.8,100,A
183,Female,0.7,69.4,7.8,High School,Yes,No,No,87.2,73.2,C
54,Female,3.4,92.3,4.9,Masters,Yes,No,No,51.5,85.3,B
103,Female,6,69.7,6.8,Bachelors,No,No,No,65.3,89.5,B
222,Male,1.6,100,4.2,Bachelors,No,No,No,60.8,71.5,C
850,Female,6,92.3,7,,Yes,Yes,Yes,74.8,100,A
786,Male,3.9,84.2,7.5,Bachelors,Yes,Yes,Yes,88.5,97,A
657,male,5.1,79.8,6.1,Bachelors,Yes,Yes,No,45.2,83.6,B
369,Male,2.1,90.1,6.7,High School,No,Yes,No,69.5,67.8,D
535,Male,5.1,65.2,5.9,Bachelors,Yes,Yes,No,72.8,80.7,B
226,Female,3.4,69.4,5.4,Bachelors,Yes,Yes,No,41.4,67.4,D
668,Female,3.9,82,5.9,Bachelors,Yes,No,No,68.7,96.3,A
181,Male,0.5,85.7,5.6,,Yes,No,No,82.9,77.1,C
896,Female,3.3,78.2,6.8,,Yes,No,Yes,76.5,80.8,B
272,Female,3.5,98.2,7.9,High School,No,Yes,No,59.1,78.2,C
366,Male,1.5,91.8,8.7,High School,Yes,Yes,No,63.5,75.4,C
171,Female,2.8,94.1,3.6,Bachelors,Yes,Yes,No,84.3,92.9,A
930,Male,1.5,89.2,7.3,High School,Yes,No,No,53.8,80.8,B
420,Female,3,69.2,4.7,Bachelors,No,No,No,78.4,72.8,C
34,female,3.6,90.1,5.2,Bachelors,No,Yes,No,87.7,93.3,A
330,Female ,5.2,84.1,4.3,PhD,Yes,No,No,80.8,96.6,A
99,Female,2.4,87.2,6.1,High School,Yes,Yes,Yes,62.9,65.2,D
472,female,4.2,82.5,6.5,,No,Yes,Yes,48.7,68,D
179,Male,5.3,92.4,5.7,,Yes,No,No,87.5,96.7,A
376,Female,3.7,92.4,5.8,Masters,Yes,No,Yes,73.5,84.9,B
989,Female,5.7,96.2,4.8,,Yes,No,No,41.5,80.9,B
48,Male,4.6,,6.6,,Yes,Yes,Yes,57.9,80.3,B
485,Male,3.2,73.9,6,High School,Yes,Yes,No,66.3,75.7,C
360,Male,2.4,87.4,6.4,High School,Yes,No,No,68.8,78,C
132,Male,2,91.3,4.1,,Yes,Yes,No,62.4,75.7,C
990,Female,3.2,99.5,5.6,High School,Yes,No,Yes,78,93.9,A
809,Female,1.1,86.9,5,Bachelors,Yes,Yes,No,70.2,74.3,C
489,Male,3.5,98.1,6.8,High School,Yes,No,No,85.5,100,A
89,Female,6,77.2,7.2,High School,Yes,No,No,52.7,78.9,C
748,Male,4.2,90.9,8.6,,No,Yes,No,69.2,92.4,A
576,Female,5.5,87.9,6.1,Bachelors,Yes,Yes,No,65.3,81.1,B
187,Female,4,87.9,6.4,Bachelors,Yes,Yes,No,82.6,89.2,B
778,Female,1,96.4,6,High School,Yes,Yes,No,87.2,95.8,A
379,Female,5.2,82.5,7.1,Masters,Yes,Yes,No,59.7,93.3,A
725,Male,3.2,79.6,5.4,High School,Yes,Yes,No,78.6,84.9,B
378,Male,3.4,69,6,Masters,Yes,No,No,65.7,74.3,C
389,Male ,4.4,77.6,6.2,Masters,Yes,No,Yes,91,86.7,B
113,Female,2.2,95.2,7.7,High School,No,Yes,No,59.8,72.7,C
855,Male,2.9,86.1,6.8,Bachelors,Yes,No,No,67,81.9,B
134,Male,4.6,100,5.8,Masters,Yes,Yes,No,37.5,85.6,B
702,Female,3.9,83.5,8.3,Bachelors,Yes,Yes,Yes,90.3,82.8,B
488,Female,2.4,92.8,6.1,High School,Yes,Yes,No,59.8,74.1,C
632,Female,2.8,65,3.4,Masters,No,Yes,No,69.3,71.4,C
752,Male,1.7,100,5.6,Bachelors,Yes,Yes,Yes,86.4,93.2,A
871,Unknown,6,,5.7,Bachelors,Yes,No,No,62.4,96.1,A
540,Female,1.2,75.8,7.1,Bachelors,Yes,Yes,Yes,45,57.3,F
962,Male,4.9,76.4,8.7,,Yes,No,No,60.7,80.7,B
648,Unknown,4.5,90.1,5.6,Bachelors,Yes,No,No,58.4,94,A
150,Female ,3.6,69.1,6.4,High School,Yes,Yes,Yes,63.4,69.2,D
542,Female,4.1,82.1,7.1,Masters,Yes,Yes,No,58.8,87.3,B
539,male,5.3,100,6.9,High School,Yes,No,No,89.3,100,A
945,Male,5.8,82.1,7.9,Bachelors,Yes,Yes,Yes,68.9,95.7,A
804,Male,2,90.9,9,High School,Yes,Yes,No,86.7,94.6,A
552,Female,4.6,89.7,6.5,,Yes,Yes,No,84.9,100,A
999,Female,4.6,85.3,8.1,High School,No,No,Yes,52.2,82.2,B
342,Female,4,-15,8.4,High School,Yes,Yes,No,78,100,A
557,Female,4.5,87.7,7.6,,Yes,Yes,No,71.7,80.8,B
651,Male,1.7,88.9,6.4,High School,Yes,No,No,73.8,59.5,F
446,Male,2.1,87.3,5.7,High School,Yes,No,No,70.3,79.9,C
5,Male,2.2,-15,4.6,Bachelors,Yes,No,Yes,61.8,68.3,D
258,Female,1.2,89.5,6,Bachelors,Yes,Yes,Yes,56.4,63.7,D
204,Male,2.2,85.9,6.7,Masters,Yes,Yes,No,61.8,76.7,C
393,Female,3.4,80.7,6.7,,No,No,No,75.2,72.1,C
770,Male,5,78.8,4.8,High School,Yes,No,No,83.5,98.4,A
763,Male,5.9,84,6.7,High School,Yes,No,No,62.5,96.8,A
100,Male,1.4,94.3,7.8,High School,No,No,No,75.3,79.2,C
597,Male,2,78.7,7.7,High School,Yes,Yes,Yes,70.3,80.2,B
906,Female ,7.2,94.8,3.8,Masters,Yes,Yes,No,73.5,100,A
218,Male,5.5,77,5.4,High School,Yes,No,No,76.2,93.4,A
123,Female,3.6,85.9,,Masters,Yes,No,Yes,61,76.5,C
736,Male,5.3,92.8,6.1,Bachelors,Yes,Yes,No,62.1,91.3,A
414,Male,3.5,85.2,7.2,Bachelors,Yes,Yes,No,81.5,93.5,A
480,Female,2.9,68.4,6.4,High School,No,Yes,No,87.3,84.8,B
447,Male,2,94.5,8.7,Bachelors,Yes,No,No,73.9,79.1,C
957,Female,4.2,89.9,5.6,Masters,Yes,No,Yes,84.7,93.5,A
577,male,3.8,90.2,6.2,Bachelors,Yes,Yes,Yes,46.8,75.6,C
636,Female,2.6,87.8,6.2,High School,Yes,Yes,Yes,68.6,96.3,A
39,Male ,4.5,74.6,5,High School,Yes,Yes,Yes,72.6,89.5,B
821,Male,2.4,99.8,5.9,,No,No,No,59,65.4,D
85,Male,3.1,97,8.1,Bachelors,Yes,Yes,Yes,79.2,99.3,A
373,Female,2.2,100,5.4,Bachelors,Yes,Yes,No,75.1,87.8,B
407,Female,3.9,83.4,6.3,Bachelors,Yes,No,No,87.4,78.9,C
274,Female,3.3,96.4,7.5,High School,Yes,No,No,90.1,97.8,A
112,Male,3.2,97.1,6.5,Bachelors,No,No,No,91.6,91.4,A
755,Female,3.1,86.6,7.8,Bachelors,Yes,No,No,85,84.6,B
310,Female,3,100,8.5,High School,Yes,No,Yes,66.9,83.3,B
780,Male,7.2,74.8,4.7,High School,Yes,Yes,No,58.3,89.9,B
691,Female,1.2,91.2,7.7,,Yes,Yes,Yes,83.3,71,C
73,Male,2.7,97.9,7.4,Masters,Yes,Yes,No,81,94.6,A
167,Female,5.3,76.2,9,Masters,Yes,No,No,82,100,A
66,Female,4.9,100,5.8,Bachelors,Yes,No,No,85.9,97.4,A
19,Female,2.8,95,8.8,Masters,No,Yes,No,74.7,89.7,B
558,Female,3.4,81.6,6.6,High School,Yes,Yes,No,47.4,73.1,C
278,Female,2.7,78.9,5.7,High School,Yes,No,Yes,78.3,88.3,B
911,Male,-3,89.2,8.8,High School,Yes,Yes,Yes,91.2,96.5,A
465,Female,2.6,78.5,6.1,PhD,No,Yes,Yes,62.4,63.2,D
608,Female,2.5,92.1,6.5,High School,Yes,Yes,No,62.7,84,B
427,Male,5.7,100,8.9,Bachelors,Yes,Yes,Yes,71.1,100,A
904,Male,0.5,99.2,6.5,,No,Yes,Yes,58.9,68.8,D
958,Male,5.3,79.7,8.3,PhD,Yes,No,No,75.5,89,B
313,Female,4.9,90.1,7.5,,Yes,Yes,No,92.5,100,A
664,Female,5.6,86.6,8.2,Masters,Yes,Yes,Yes,81.9,99.7,A
455,Male,3.4,83.7,7.2,High School,Yes,Yes,No,55,80.7,B
627,Male,,77.3,5.3,High School,No,Yes,No,84,96.8,A
398,Female,4.4,92.6,5.5,High School,No,Yes,No,56.4,81.2,B
332,Male,3.7,86.9,7.9,Masters,No,Yes,No,92.2,93.3,A
254,Male ,1.6,-15,7.3,High School,Yes,Yes,No,66.8,88.3,B
762,Female,,76.7,5.9,Masters,No,Yes,Yes,62.3,74,C
344,Female,2.3,100,6.2,PhD,Yes,Yes,No,64.5,77.2,C
331,Male,3.7,88.3,-2,PhD,Yes,Yes,No,60.1,97,A
724,Male,6.4,91,4.6,Bachelors,Yes,Yes,Yes,81.6,93.7,A
262,Female,3.4,94.9,5.1,High School,Yes,Yes,No,64.6,79.7,C
614,female,4.4,77.6,6.6,High School,Yes,No,No,49.8,75,C
681,Female,1.6,60.6,8.9,Bachelors,Yes,Yes,No,98.4,86.2,B
77,Female,,82.9,7.4,High School,Yes,Yes,No,60.3,71.9,C
68,Male,4.3,100,5.9,Bachelors,No,Yes,No,62.7,79.2,C
996,Male,2.8,130,8.2,Masters,Yes,Yes,No,60.5,70.7,C
74,Female,1.7,91.7,7.4,Bachelors,Yes,Yes,No,75.1,77.6,C
326,Female,3.4,83.8,8.6,High School,Yes,No,No,90.3,88.9,B
637,Male,,98.6,6.3,Bachelors,Yes,Yes,No,92.8,100,A
97,Female,1.1,100,9.2,,Yes,No,Yes,74.5,87.4,B
799,Male,2,62.9,5.9,Bachelors,Yes,Yes,Yes,53.5,60.8,D
292,Male,6.1,100,4.9,High School,Yes,No,No,92,100,A
265,Male,6.3,,5.7,Bachelors,Yes,No,No,67.6,97.5,A
991,Female,2.5,81.4,6.5,,Yes,No,No,81.8,81.9,B
507,Female,5.1,80.6,7.7,High School,Yes,No,No,51.1,74.5,C
93,Female,8.1,76.1,5.2,Bachelors,Yes,Yes,No,74.4,98.3,A
42,Male,4.5,74,6.7,High School,Yes,No,No,54.1,79,C
982,Female,2.1,67.9,7,High School,No,No,Yes,98.9,79.7,C
884,Female,,84.2,7.6,High School,Yes,No,Yes,74.8,94.4,A
75,Male,6.4,83.6,6.9,High School,Yes,Yes,No,69.3,99.9,A
354,Female,5,100,7.8,High School,Yes,No,Yes,67.7,93.6,A
340,Female,3.2,95.9,6.8,Bachelors,Yes,No,No,54.1,85.1,B
145,Female,4.5,86.4,7.4,High School,Yes,No,Yes,81.2,86.8,B
528,Female,,90,7.7,Masters,Yes,No,No,69.7,96.4,A
49,Female,5.8,83.3,7.1,Bachelors,No,Yes,No,73,88.6,B
443,Male,2.9,84,7.9,Masters,Yes,No,Yes,92.9,85.2,B
700,Male,4.1,72.8,7.2,Masters,Yes,Yes,No,77.9,92.1,A
672,Female,5.3,93.7,7,High School,No,Yes,No,70.8,99.8,A
865,Female,4,83.7,7.5,Masters,Yes,Yes,No,70.5,83.5,B
516,Male,-3,81.7,6.3,Bachelors,Yes,No,Yes,63.3,79.3,C
180,male,2.9,82.2,6.3,PhD,Yes,No,No,66.5,73.7,C
324,Female,6,75.3,8.7,High School,Yes,Yes,No,49.3,90.8,A
974,Male,,89.1,5.6,High School,No,Yes,Yes,71.2,77.9,C
882,Female,2.1,88.2,6.3,Bachelors,Yes,No,No,71.2,85.4,B
914,Female,4,70,8.2,Masters,Yes,Yes,No,79.5,80.3,B
629,Male,6.1,93.3,6.1,Masters,Yes,No,Yes,59.7,93.9,A
136,Male,4.3,90.8,10,Bachelors,Yes,Yes,No,58.9,94.5,A
630,Male,3.8,83.1,8,High School,Yes,Yes,No,65.2,81.3,B
742,Female,2.4,96.1,-2,Bachelors,Yes,Yes,No,72.8,94,A
319,Male,1.2,89.1,7.1,,Yes,No,No,100,84.2,B
584,Female,1.4,96.3,7.1,High School,Yes,Yes,No,58.6,68.4,D
32,Male,3.7,87.7,-2,,Yes,Yes,No,86.2,87.7,B
993,Female,2.6,80.9,7.4,High School,Yes,Yes,No,72.1,78.8,C
885,Female,5.1,88.5,6.5,Bachelors,Yes,Yes,No,97.5,100,A
607,Male ,3.1,96.9,6.9,High School,No,No,No,62.2,73.6,C
595,Female,4.7,75.3,7.1,High School,Yes,No,Yes,86.1,88.5,B
35,Female,6.6,90.4,8.1,Masters,Yes,Yes,Yes,69.7,100,A
229,Male ,7.2,83.2,7.5,High School,Yes,No,No,94.8,100,A
62,Male,2.1,90.9,6.5,Bachelors,No,Yes,Yes,55.9,71.1,C
545,Male,2.7,72.7,7.8,Bachelors,Yes,No,Yes,78.8,66,D
508,Male,5.3,83.9,7.1,Masters,No,Yes,Yes,58.8,72.8,C
986,Female,6.1,79.5,5.4,High School,Yes,No,No,75.6,96.4,A
790,Male,3.1,100,5.9,Bachelors,Yes,No,No,48.3,75.4,Z
870,Female,1.7,88.6,7,High School,Yes,No,No,86.4,84.4,B
192,Male,4.7,96.6,8,Bachelors,Yes,Yes,Yes,83,100,A
449,Male,3.4,78.9,6.5,Bachelors,Yes,Yes,No,88.7,90.7,A
263,Male,3.2,96.9,6.8,High School,No,No,No,80.7,81.2,B
12,Male,5.5,75.3,5.6,,Yes,Yes,No,37.9,76.7,C
522,Male ,,73.7,5.4,PhD,No,Yes,Yes,74.8,71.8,C
82,Female,4.6,88.9,6.8,Bachelors,Yes,Yes,No,81.6,74.5,C
693,Male,5.8,,7.1,Masters,No,No,No,67.6,92.2,A
925,Male,3.5,,5.4,Bachelors,Yes,Yes,No,57.3,71.2,C
473,Male,2.7,87.9,8.2,Masters,No,Yes,No,78.6,82.2,B
624,female,2.7,94.4,6.2,High School,Yes,Yes,Yes,77.9,75.7,C
490,Male,6.2,99,5.7,High School,Yes,Yes,No,70.7,100,A
757,Female,3.3,86.7,6.7,Bachelors,Yes,No,No,82.9,90.3,A
625,Male,5.5,68.9,6.7,High School,Yes,Yes,Yes,65.4,89.6,B
71,Female,3.3,,6.1,High School,Yes,Yes,No,54.5,79.6,C
998,female,2.6,84.5,8,High School,Yes,Yes,Yes,65.2,79.2,C
125,Male,3.9,73.6,7.4,Bachelors,Yes,Yes,No,63.5,88.1,B
932,Female,3,78.8,5.6,Bachelors,Yes,Yes,Yes,69.6,63.7,D
162,Male,3.2,88,6.1,Bachelors,Yes,No,No,61.6,76.6,C
933,Male,2.6,79.4,8.1,High School,Yes,Yes,Yes,55.8,75.3,C
361,Female,3.8,94.8,7.1,High School,Yes,Yes,Yes,82.1,93.6,A
708,Female,3.6,73.6,7.3,High School,Yes,No,No,73.3,77.1,C
148,Male,1.7,83.5,5.7,Masters,Yes,Yes,Yes,59.2,46.8,F
730,Female,4,,7.1,PhD,Yes,No,No,99.4,98.9,A
981,Unknown,3.5,79.6,6.2,High School,Yes,Yes,No,90.9,91.4,A
21,Female,1.9,70.8,5.2,High School,Yes,Yes,No,69.8,73.5,C
492,Male,3.8,82.9,6,High School,Yes,Yes,Yes,50.5,71.1,C
771,Male,2.5,81.2,5.3,,Yes,No,No,62.1,82.6,B
783,Female,4.4,82.7,6.7,Bachelors,Yes,No,No,72.7,90.3,A
200,Male,3.9,91.9,6,Bachelors,No,No,No,91.4,92.5,A
754,Female,4.6,70.3,6.5,Masters,Yes,Yes,No,69.5,67.2,D
128,Male,2.1,66.3,6.5,High School,Yes,No,Yes,88.4,63,D
236,Female,4.2,70.6,7.7,Bachelors,Yes,No,No,75,85.7,B
775,Female,0.5,73.9,6.1,Masters,Yes,Yes,No,75.5,74.6,C
590,Male,0.7,81.1,6.9,Masters,Yes,Yes,Yes,78.2,72.2,C
505,Male,4.7,90.5,7,High School,Yes,Yes,No,89.3,99,A
88,Male,5.6,85.1,5.1,Masters,Yes,No,No,98.4,100,A
634,Male,4.1,72.6,7.5,PhD,Yes,No,Yes,53.9,74.3,C
276,Female,2.7,83.8,5.7,PhD,Yes,Yes,No,68.5,76.4,C
817,Male,3.7,92.2,7.1,Bachelors,Yes,Yes,Yes,60.1,80.2,B
279,Male,2.4,98,7.4,High School,Yes,Yes,No,65.5,94,A
738,Male,,82.4,6.4,High School,Yes,No,Yes,70.9,66.6,D
154,Male,2.6,56.3,6.9,Bachelors,No,Yes,No,69.4,75.7,C
273,Female,3.8,74.9,7,PhD,Yes,Yes,Yes,41.8,64.7,D
650,Male,5.9,100,7.3,Masters,Yes,Yes,No,61.3,97.3,A
466,Male ,2.7,100,7.8,PhD,Yes,Yes,No,66.4,100,A
212,Male,2,100,7.1,Bachelors,Yes,Yes,No,65.3,81.8,B
498,Female,5.1,79.1,7.3,,Yes,No,No,56.5,85.4,B
320,Female,,82.6,8.1,Bachelors,Yes,Yes,Yes,58.1,80.7,B
196,Female,2.9,130,7.3,Masters,No,Yes,No,84.4,79.8,C
435,female,2.7,83.7,6.5,High School,Yes,No,No,72.3,77.8,C
336,Female,0.9,130,6.2,Masters,Yes,Yes,No,82.4,71.2,C
482,Female,4,96.3,5.7,Bachelors,Yes,No,No,70.4,92.3,A
194,Male,5.2,76.9,8.9,Bachelors,Yes,Yes,No,40.1,81.1,B
514,Female,,82,7.1,High School,Yes,Yes,No,51.7,77.9,C
514,Female,,82,7.1,High School,Yes,Yes,No,51.7,77.9,C
553,Male,3.9,95.9,4.8,Bachelors,Yes,Yes,Yes,60.6,78.9,C
887,Male,1.9,78.2,7.9,PhD,Yes,No,Yes,79.4,76.8,C
637,Male,,98.6,6.3,Bachelors,Yes,Yes,No,92.8,100,A
653,Male,3.8,84.7,5.6,Masters,Yes,No,No,78.8,88,B
61,Male,4,79.7,7.2,Masters,Yes,Yes,No,67.4,80.4,B
890,Male,3.7,74.1,8.4,,Yes,Yes,Yes,67,77.4,C
997,Male,6.7,88.4,7.1,,No,Yes,No,82.2,99.5,A
394,Female,4.4,,7.4,High School,Yes,Yes,No,61.4,92.3,A
913,Male,-3,91.5,5.4,Bachelors,No,Yes,No,71.1,82.1,B
720,Female,1.9,100,7.2,Bachelors,Yes,Yes,Yes,52.3,78.2,C
544,Female,-3,100,8,High School,Yes,No,No,84.2,91.8,A
8,Male,6.2,86.4,6,High School,Yes,Yes,No,78.4,88,B
411,Male,3.4,81.8,7.5,High School,Yes,No,No,64.9,70.1,C
91,Female,4.4,,6.5,High School,Yes,No,No,41.5,71.7,C
976,Female,4.4,71.5,4.8,Bachelors,Yes,Yes,Yes,43.1,67,D
197,Female,4.4,74.8,6.7,High School,Yes,No,No,60.3,73.4,C
960,Male,1.3,96,8.8,Bachelors,Yes,No,No,79.7,80.5,B
980,Female ,3.3,100,9.1,High School,Yes,Yes,No,64,93.9,A
951,Male,2.6,90,5.2,,No,No,No,67.3,72.4,C
589,Female,2.8,84.8,7.9,Bachelors,Yes,No,No,59.9,77.3,C
362,Male,2.4,,5.4,Masters,Yes,No,Yes,100,95.1,A
297,Female,2.7,76,6.4,Bachelors,Yes,Yes,No,52.1,70.9,C
501,Male,4.4,76.9,6.2,High School,Yes,No,No,53.6,76.1,C
863,Female,3.9,83.1,7.1,,Yes,No,Yes,54.3,86.3,B
767,Male,2.5,85.2,3.3,Bachelors,Yes,No,No,60.1,83.9,B
299,Male,1.7,73.2,,Masters,No,Yes,No,67.9,69.2,D
122,Male,2.2,94.6,8.3,High School,Yes,Yes,No,65.9,81,B
259,Female,3.1,74.4,5.5,Masters,Yes,Yes,No,56.8,73,C
115,Male,4.9,92.8,7.5,,Yes,Yes,No,58.3,96.5,A
293,male,4.9,95,6.9,Masters,Yes,No,Yes,59.6,84.5,B
949,Female,3.7,93.9,8.5,High School,No,No,No,93,100,A
410,Female,5.1,77.5,5.8,,Yes,Yes,Yes,54.4,78.1,C
979,Female,5.3,78.7,5.9,PhD,Yes,Yes,No,60.4,83,B
510,Female,4.5,81.3,10,Bachelors,Yes,Yes,Yes,60.6,99.5,A
761,Female,1.9,69,6,High School,Yes,No,Yes,34.5,53.2,F
133,Male,3.6,74.8,6.5,Bachelors,No,Yes,No,80.4,77.3,C
605,Male,3.8,93,8.6,Bachelors,Yes,Yes,No,65.3,80.9,B
640,Female,4.2,86.8,6.3,,No,No,Yes,70.5,79.4,C
423,Female ,5.4,69.2,7.9,High School,Yes,No,Yes,52.4,77.3,C
536,Female,2,92.5,7.7,High School,Yes,No,No,58.7,77.6,C
484,Female,6.5,80.9,8.3,Masters,Yes,Yes,No,78.8,100,A
190,Female,0.5,84.6,5.5,Bachelors,Yes,Yes,No,80.3,67.2,D
478,Female,6.2,67.5,7.6,High School,Yes,Yes,No,86.2,100,A
95,Female ,3.3,92.2,6.1,PhD,Yes,Yes,No,62.1,99.6,A
450,Female,3.9,88.6,6.4,Bachelors,Yes,No,Yes,46.6,64.6,D
208,Female,4,94,6.9,High School,No,Yes,No,74,90.9,A
939,Female,,84.9,,High School,Yes,No,No,64.9,77.3,C
643,Female ,4.4,87.1,6.2,,Yes,Yes,No,68,90.5,A
550,Male,,70,8.6,High School,Yes,No,No,68.1,85.2,B
367,Female ,2,78.5,6.2,Masters,Yes,Yes,No,61.4,80.5,B
463,Female,2.5,94.7,6.1,Masters,Yes,Yes,Yes,81.4,95.1,A
666,Male,4.1,76.3,5.9,Masters,Yes,Yes,No,73.6,91.7,A
659,Female,3.2,76.8,7.7,Masters,Yes,No,No,66.6,84.3,B
841,Male,3.6,99.2,5.8,Bachelors,Yes,Yes,No,72.5,88.6,B
669,Male,2.7,71.5,8.9,High School,Yes,No,Yes,91.3,97.6,A
403,Male ,3.4,88.2,6.3,High School,Yes,No,Yes,73,81.9,B
311,Female,4,75,8.1,High School,Yes,Yes,No,62.4,82.6,B
494,Female,5.3,76.9,6.6,High School,Yes,Yes,Yes,70.4,82.1,B
172,Male,2.9,77,6.8,Bachelors,Yes,No,No,68.2,71.8,C
158,Female,5.7,80.4,6.4,Masters,Yes,Yes,Yes,58.9,89.3,B
964,Male,3.2,81.1,6.6,High School,Yes,No,No,70,78.4,C
440,Male,5.7,89.4,8.8,High School,No,No,No,79.9,100,A
497,Male,2.8,72.7,6.1,PhD,Yes,No,No,73.7,71,C
433,Male,3.6,82.9,7.3,High School,Yes,No,Yes,76,79.7,C
105,Female,3.5,79.5,6.8,,Yes,No,Yes,60.9,87.2,B
694,Female,4.8,80.5,6.5,Masters,Yes,No,Yes,100,100,A
266,Female,5.2,88.3,8.6,Bachelors,Yes,No,No,86.8,100,A
240,Female,2.7,95.8,5.8,High School,Yes,No,Yes,62.4,84.6,B
151,Male,2.2,90.1,8,PhD,Yes,Yes,No,66.2,84.7,B
280,Female,3.7,84.8,5.2,PhD,No,Yes,Yes,54.3,58.8,F
750,Female,4.9,79.3,7.3,,No,No,No,79.2,95.1,A
893,Male,3.8,91.7,6.9,High School,Yes,No,Yes,56.4,76.4,C
29,Female,4,78.6,8,Bachelors,Yes,No,No,78.2,84.2,B
782,Male,4.3,72.4,7,Masters,Yes,Yes,No,60.9,97.6,A
774,Female,3,90.6,7.2,High School,Yes,No,Yes,74.1,84.3,B
531,Male,4.4,77.1,6.6,High School,Yes,Yes,No,88.4,94.7,Z
928,Female,4.3,90,5.6,Masters,Yes,No,No,79.1,92.4,A
673,Female,4.3,87.6,5.4,High School,Yes,No,Yes,79.8,85.2,B
591,Male,2.8,96.2,8.3,High School,Yes,No,Yes,64.8,89,B
621,Female,4.8,85,-2,PhD,Yes,Yes,No,78.2,98.3,A
471,Male,2.3,98.9,5.9,Bachelors,Yes,Yes,No,79.4,87.6,B
709,Female,4.6,95.4,5.8,Masters,Yes,Yes,No,58.8,98.3,A
356,Male,1.6,83.3,,Masters,Yes,Yes,No,60.2,76.2,C
142,Male,3.6,100,7.5,Bachelors,Yes,No,No,62,75.9,C
468,Male,5.3,94.2,7.1,Masters,Yes,No,No,63.7,88.8,B
733,Male,3.8,59.4,8.1,,No,No,No,74.6,74.3,C
680,Female,1.8,79.2,7.2,Bachelors,Yes,Yes,No,83.9,84.1,B
849,Male,2.3,72.9,5.3,Masters,Yes,No,No,76.9,80.8,B
667,Female,4.2,78.4,6.5,Bachelors,Yes,Yes,No,75.4,92.2,A
641,Female,3.6,100,7,Bachelors,Yes,Yes,No,64.2,86,Z
67,Female,2,87.4,6.7,High School,Yes,Yes,No,63.9,67.8,D
36,Male,6.1,95.7,8.2,,Yes,Yes,Yes,78.5,92.9,A
81,Male,4.4,100,5.9,High School,Yes,No,No,78.2,97.6,A
51,Male,5.9,82.5,6.6,Bachelors,Yes,Yes,No,66.5,100,A
416,Male,2.7,84.4,10,Bachelors,Yes,No,Yes,83,81.2,B
351,Female,3.9,74.5,6.4,,Yes,No,No,72.2,75.3,C
396,Female,1.5,84.2,6,Bachelors,Yes,Yes,No,54.1,72.7,C
924,Unknown,4.2,93.9,6.8,Masters,Yes,Yes,No,82.3,93.1,A
349,Female,5,93,9.2,Masters,Yes,Yes,Yes,66.4,90.2,A
749,Male,3.1,81.5,6.8,Masters,Yes,Yes,No,69,77,C
429,Male,5,82.3,9,Bachelors,Yes,Yes,No,100,100,A
538,Male,2.4,87.4,6.7,High School,Yes,Yes,No,67.5,86,B
413,Female,3.5,95.8,6.4,Masters,Yes,Yes,No,85.6,86.5,B
713,Male,4.9,69.5,6.6,PhD,No,No,Yes,59.8,72.2,C
96,Female,2.1,81.3,8.9,Bachelors,Yes,No,No,45.4,74.8,C
561,Female,1.2,88.8,6.9,,Yes,Yes,No,64.3,68.2,D
864,Female,1.2,94.2,4.6,Masters,Yes,No,No,65.9,71.2,C
854,Male,5.9,91.9,7.9,Masters,No,Yes,No,60.4,98.8,A
1000,Male,3.9,77.4,6.1,Masters,Yes,No,No,45.4,70.4,C
195,Male,4,87,7.2,High School,Yes,Yes,No,64,96.5,A
139,Male,2.4,81.3,7.9,High School,Yes,Yes,No,74.6,82.6,B
38,Male,5,76.6,6.7,,Yes,Yes,No,67.7,81.1,B
819,Female,3.6,75.4,5.7,Masters,Yes,No,No,59.2,79.6,C
977,Female,3.7,69.8,4.6,High School,No,Yes,No,72.5,80.9,B
464,Male,2.7,89.3,6.2,Bachelors,Yes,Yes,No,82.9,93.5,A
983,Female,2.8,73.8,7.3,High School,Yes,No,Yes,72.6,77.7,C
604,Female,3.5,89.3,,High School,Yes,Yes,No,71.2,100,A
727,Male,4.8,85.4,6.4,High School,Yes,Yes,No,69,97.5,A
824,Male,6.1,85,7.3,Masters,Yes,Yes,No,84.1,100,A
409,Female,1.9,87.1,6.8,High School,No,No,No,64.8,80.1,B
600,Female,1.8,90.1,5.6,Masters,Yes,Yes,No,85.7,86.3,B
243,Female,3.6,85.7,6.3,High School,Yes,No,Yes,43.4,69.4,D
705,male,3.4,88.3,4.6,High School,Yes,No,Yes,62.5,83.1,B
127,Female,3.1,77.8,7.5,Bachelors,Yes,Yes,No,54.8,85.2,B
333,Female,3,92.1,6.1,High School,Yes,Yes,Yes,93.2,82.8,B
55,Male,4.1,91.6,8.9,Bachelors,No,Yes,No,89.1,99.8,A
339,Female,3.8,75.6,9.2,Bachelors,Yes,No,No,63.7,76.1,C
846,Male,1.4,92.9,4.4,Bachelors,Yes,No,Yes,93.7,80.3,B
609,Female,2,88.5,5.7,High School,No,Yes,Yes,63.7,58.6,F
773,Male,5,97.8,8.4,Bachelors,Yes,No,No,64.5,91.3,A
944,Male,4.4,93.5,7.8,Bachelors,Yes,Yes,No,85.3,96.4,A
820,Male,3.6,89.7,6,,No,Yes,No,87,96.3,A
359,Male,4.3,75.7,3.8,PhD,Yes,No,No,62.4,81.9,B
284,Male,5.1,90.5,7.6,Masters,Yes,No,No,44.7,82.2,B
880,Male,1.4,96.9,9.1,Masters,Yes,Yes,Yes,84.2,85.6,B
984,Male,2.2,,,Masters,Yes,Yes,No,64.4,85,B
173,Male,4.1,,7.2,,Yes,No,No,43.4,78.5,C
163,Female,4.1,92.7,8,Masters,Yes,Yes,Yes,67.1,97.3,A
759,Male,3.2,82.8,7.3,High School,Yes,Yes,No,80.4,84.5,B
241,Female,2,80.5,8.5,High School,Yes,No,Yes,69.6,80.6,B
968,Female,4.6,71.3,6.9,Bachelors,Yes,Yes,No,95.5,100,A
995,Unknown,4.5,75.4,9.4,Bachelors,Yes,Yes,No,69.1,79.1,C
927,Male,5.6,87.3,9.3,Bachelors,Yes,No,No,59.1,99.6,A
207,Female,4.2,89.4,,Bachelors,Yes,Yes,Yes,79.7,100,A
400,Male,5.1,70.4,6.4,,Yes,Yes,No,57.1,73.2,C
868,Female,4.1,84.9,8.1,Masters,Yes,Yes,No,71.7,91.6,A
205,Female,3.6,74.3,8.3,Masters,Yes,No,No,77.4,86.8,B
543,Male,5.8,96,8.7,Bachelors,Yes,Yes,Yes,53.5,88.8,B
483,Male,4.5,74.1,7.4,High School,Yes,No,Yes,80.5,86.6,B
92,Female,4,89.2,8.5,High School,Yes,Yes,Yes,72.3,86.3,B
728,Male,4.2,75,5.3,High School,Yes,Yes,No,77.8,88,B
17,Female,3.5,96.9,6.1,Bachelors,Yes,Yes,No,51,81.5,B
474,Female,4.4,87.6,7,High School,Yes,Yes,No,67.2,94,A
395,Male,3.8,70.9,7.8,Masters,Yes,No,Yes,45.6,67.6,D
26,female,1.8,90.6,8.6,High School,Yes,No,No,53.2,76,C
907,Female,3.5,85.9,8.3,Masters,Yes,Yes,No,60.7,85,B
244,Male,5.1,93.5,6.2,High School,Yes,Yes,No,56,92.2,A
4,Male,2.6,77.5,8,,Yes,Yes,No,85.1,83.8,B
436,Female,5.6,85.8,7.8,High School,Yes,Yes,Yes,76.4,93.4,A
829,Male,3.1,80.3,7.7,Masters,Yes,No,Yes,55.7,70.2,C
370,Male,7.4,98.7,6.3,Masters,Yes,Yes,No,52.3,97.4,A
221,Male,2.3,86.2,6.1,High School,Yes,Yes,No,80.7,84.3,B
110,Male,4.3,100,7.8,High School,No,No,Yes,69.5,75.5,C
831,Male,2.5,80.6,4.8,High School,Yes,No,Yes,60.9,73.5,C
3,Male,4.9,85.3,7.9,Bachelors,Yes,No,Yes,88.5,97.3,A
835,Male,1.7,81.4,5.5,,Yes,Yes,Yes,82.5,82,B
41,Male,2.1,100,7.5,High School,Yes,Yes,Yes,68.4,75.3,C
647,Male,4.1,89.8,7.3,,Yes,Yes,No,84.2,100,A
826,Female,2.5,91,5.4,Bachelors,Yes,No,Yes,80.4,87.5,B
64,Male,1.9,85.2,6,,Yes,No,No,62.5,73,C
264,Male,4.5,100,7.9,PhD,Yes,Yes,No,62.7,91.1,A
626,Female,3.8,77.4,8.4,,Yes,Yes,Yes,45.1,71,C
135,Male,1,97.2,7,High School,Yes,Yes,No,61.4,80.8,B
457,Female,1.8,,8.6,High School,Yes,No,Yes,53.2,68.8,D
639,Female,6.1,54.8,4.6,Masters,Yes,No,No,83,83.8,B
146,Male,1,67.3,5.7,High School,Yes,No,No,79.3,65.2,D
202,Female,2.2,81.3,6.6,Masters,Yes,Yes,No,59.4,75.5,C
926,Male,4.7,100,7.3,Bachelors,Yes,No,No,57.4,95.3,A
800,Male,4.9,100,8.4,High School,Yes,Yes,No,64.3,96.1,A
732,Male,3.4,75.1,5.9,Bachelors,No,No,No,70.1,85,B
646,Male,1,75.3,6,Bachelors,Yes,Yes,Yes,74.3,75.5,C
697,Male,3,70.6,4.4,Masters,Yes,Yes,No,69.3,72.6,C
428,Female,3.8,94,6.4,,Yes,Yes,No,91.7,100,A
696,Female,3,91,7,High School,Yes,Yes,No,56.6,77.5,C
940,Female,0.5,91.7,7.4,Bachelors,Yes,Yes,No,77.5,74.8,C
920,Female,2.2,100,8.1,High School,Yes,No,Yes,66.9,83.4,B
522,Male,,73.7,5.4,PhD,No,Yes,Yes,74.8,71.8,C
897,Female,4.6,96.9,4.2,Masters,Yes,No,Yes,66.1,91.1,A
971,Female,2.7,81.3,6.9,High School,Yes,Yes,Yes,90.7,100,A
619,Male,4.5,66.1,7.5,Masters,Yes,No,No,86.4,91.5,A
491,Female,2.7,79.4,5.7,High School,Yes,Yes,No,94.6,74.3,C
232,Female,4.6,77.5,6.9,Bachelors,Yes,Yes,No,67.7,91.5,A
695,Female,3,85,8.2,Bachelors,Yes,No,No,69.9,89.6,B
368,Female,5.1,66.7,6.6,Bachelors,No,Yes,No,56.5,75.1,C
936,Male,4.3,92.8,5.7,High School,Yes,No,No,59.7,83.3,B
706,Male,3.4,88,7.7,PhD,Yes,No,Yes,85.4,94.2,A
677,Female,5.2,88.9,6.7,,No,No,Yes,73.4,90.6,A
895,female,3.7,67.7,5.8,Masters,Yes,Yes,Yes,48.5,71.4,C
969,Female,2.6,97.1,6.1,Bachelors,Yes,No,No,36.7,60,D
296,Female,1.8,84.8,6.4,,Yes,Yes,No,62.8,81.6,B
60,Male,4.5,78.5,7.1,Bachelors,Yes,No,No,73.2,89.5,B
271,Female,3.5,86.7,5.5,Masters,Yes,Yes,No,58.6,75.1,C
233,Female,4.2,80.7,7.3,PhD,Yes,No,No,73.6,82.2,B
298,Male,4.2,88.2,7.7,High School,Yes,Yes,No,69.9,89.6,B
169,Male,4,82.7,5.8,Bachelors,No,Yes,Yes,56.4,75.1,C
676,Male,0.5,83.6,6.4,High School,No,Yes,Yes,71.9,61.3,D
813,Male,3.8,,6.4,Bachelors,Yes,No,No,80.2,100,A
391,Male,2.4,78.9,6.5,High School,Yes,No,No,73.1,86.3,B
658,Male,3.4,86.5,7.1,Masters,Yes,Yes,No,95.5,100,A
923,male,5.1,90.3,8.9,High School,Yes,Yes,Yes,57.2,83.8,B
307,female,1.9,93.7,,Masters,Yes,Yes,Yes,81.1,87.2,B
256,Male,6,99.1,6.5,Masters,Yes,Yes,Yes,64.9,96.8,A
717,Male,6.6,76.3,8.8,Masters,Yes,Yes,No,68.6,98.5,A
623,male,5.1,91.6,8.1,Bachelors,Yes,Yes,No,59.5,89.5,B
555,Male,1.6,88.1,8,High School,No,No,No,66.3,63.4,D
965,Male,1.7,95.6,,PhD,Yes,Yes,No,57.3,69.5,D
525,Female,3,100,6.2,Masters,Yes,Yes,Yes,71.7,82.4,B
250,Male,1,81,8.1,High School,Yes,No,No,68,67.1,D
803,Male,4.3,80.7,7.9,Masters,Yes,No,No,98.4,100,A
318,Male,1.4,96.1,8,High School,No,Yes,No,75.7,79.2,C
617,Male,3.6,77.1,6.3,,Yes,Yes,Yes,77.1,86.4,B
718,Female,3.3,96.3,8.1,Masters,Yes,Yes,Yes,70.2,85,B
382,Female,6.2,83.2,7.3,PhD,Yes,No,No,86.1,100,A
401,Female,4.8,81.9,5.9,Bachelors,Yes,No,Yes,60.6,85.2,B
320,Female,,82.6,8.1,Bachelors,Yes,Yes,Yes,58.1,80.7,B
574,Female,4.2,87.2,5.5,High School,Yes,Yes,No,66.4,75.3,C
947,Male,3.2,69.8,8.7,Masters,Yes,No,No,43.1,70.4,C
741,Male,,73.2,4.5,High School,Yes,No,No,49.4,62.9,D
1,Male,4,98,6.5,Bachelors,Yes,Yes,No,76.9,100,A
988,Female,1.1,90,9,High School,Yes,Yes,No,67,85.8,B
703,Male,3.1,80.5,4.5,High School,Yes,Yes,Yes,72.9,65.4,D
166,Male,3.3,83,4.5,High School,Yes,Yes,No,57,84.8,B
502,Male,3,89.2,8.5,,Yes,Yes,Yes,63.6,90.4,A
735,Female,5.2,100,6.2,,Yes,No,Yes,68.2,79.8,C
114,Female,1.4,90.9,7.2,Bachelors,Yes,No,No,62,74.6,C
596,Female,4.1,71.2,8.3,PhD,Yes,No,No,46.8,80.4,Z
160,Female,2.3,89.7,7.3,Masters,Yes,No,Yes,61.7,74,C
432,Female,4.8,77.8,7.2,High School,Yes,Yes,No,72.8,100,A
25,Female,4.6,98.3,7.8,,Yes,Yes,Yes,66.6,97.2,A
836,Female,4,78.5,7.7,Bachelors,Yes,Yes,Yes,79.2,89.5,B
121,Female,2.6,92,10,High School,Yes,Yes,No,73.1,95.8,A
812,Male,,85.2,4.5,Bachelors,Yes,Yes,No,74.9,88.4,B
137,Male,,82.7,7.2,High School,No,No,Yes,55,59.7,F
267,Female,3.1,86.9,7.4,Masters,Yes,Yes,Yes,88.5,81.6,B
547,Male,1.3,80.3,5.7,Bachelors,No,Yes,No,79.6,71.1,C
76,Female,3.6,72.8,7.7,Masters,No,No,No,49.6,64.4,D
862,Male,2.3,,5.9,High School,Yes,Yes,No,70.9,74.2,C
245,Male,1,89.8,7.2,Bachelors,Yes,Yes,No,56.8,76.2,C
566,Female,4,97.6,7.7,High School,Yes,Yes,No,49.4,100,A
874,Male,3.4,87,8.5,Bachelors,Yes,No,No,67.8,85.1,B
967,Male,4.3,91.8,7.3,High School,Yes,Yes,Yes,63.8,90,A
679,Female,,87.7,5,,No,No,No,54.8,63.6,D
738,Male,,82.4,6.4,High School,Yes,No,Yes,70.9,66.6,D
530,Female,3.9,79.6,9,High School,Yes,No,No,78.2,84.5,B
191,Male,3.9,68.8,8.6,High School,Yes,No,No,76.8,84.6,B
107,Female,3.6,79.4,6.2,High School,Yes,Yes,Yes,74.6,75.7,C
235,Female,2.3,86.1,7.6,Masters,Yes,Yes,No,44.5,80.2,B
679,Female,,87.7,5,,No,No,No,54.8,63.6,D
353,Male,6,94.5,8.7,PhD,Yes,Yes,No,61.3,100,A
892,Male,4.1,73.5,7,Masters,Yes,Yes,Yes,69.9,87.2,Z
59,Male,1.5,89,6.2,Masters,Yes,No,No,59.4,74.5,C
941,Female,2.1,74.1,6.8,Masters,Yes,Yes,Yes,81.4,76.7,C
31,Male,5.8,85.6,7.5,Bachelors,Yes,No,Yes,66.4,82.4,B
568,Female,5.7,78.5,8.6,,Yes,Yes,Yes,69.2,99.1,A
217,female,4.8,78.5,6,Masters,Yes,No,No,58.5,91.2,A
225,Female,4.5,82.1,7.6,Bachelors,Yes,Yes,No,46.7,81.1,B
402,Female,4.2,77.5,5.2,Bachelors,Yes,Yes,No,80.2,96.4,A
955,Male,3.7,92,7.6,Masters,Yes,Yes,No,65.9,100,A
883,Male,2.4,80,7.1,High School,Yes,Yes,No,67.3,71.9,C
743,Female,3.4,92.2,6.9,Bachelors,Yes,No,Yes,80.9,85,B
377,Female,7.3,85.8,7.9,High School,Yes,Yes,No,56,99.3,A
867,Male,0.5,70.5,7.6,High School,Yes,Yes,No,86.7,80.3,B
155,Male,4.8,84.7,5.9,Bachelors,Yes,No,No,70.2,95.4,A
44,Female,0.9,82.2,6.4,Bachelors,Yes,Yes,No,64.4,79.2,C
412,Female,,77,4.7,High School,Yes,No,No,81.6,90.2,A
798,Male,1.1,98.7,6.4,High School,Yes,No,No,74.9,78.7,C
348,Female,0.9,82,5.7,Masters,Yes,No,No,61.2,69,D
860,Male,,86,7.7,High School,No,No,Yes,80,66.5,D
671,Male,3.5,80.2,6.1,Bachelors,Yes,Yes,No,71.7,60.8,D
869,Male,5.3,72.5,7.2,Bachelors,Yes,Yes,No,74.6,95.8,A
325,Female,3.8,96.1,5.8,High School,Yes,Yes,Yes,70.3,80.8,B
844,Male,6.8,95.1,6.8,High School,Yes,Yes,No,47.1,80.2,B
175,Female,,84.8,5.6,Masters,Yes,No,No,67,79.2,C
845,Male,2.7,78.2,6.3,,Yes,Yes,No,75.6,80.2,B
746,Female,4.1,85.2,6.8,Bachelors,Yes,No,Yes,61.6,83.3,B
425,Female,3.2,80.2,6.7,Bachelors,Yes,No,Yes,58,81.8,B
24,Female,4.3,82.5,5.4,PhD,No,Yes,No,61,71.2,C
144,Female,2.1,73.8,5.4,,Yes,Yes,Yes,71.5,69.6,D
481,Female,-3,95.3,5.8,High School,Yes,Yes,No,73.5,89.5,B
766,Male ,0.5,100,6.4,Masters,Yes,Yes,No,65,81.1,B
364,Female,1.4,95,6.6,Masters,Yes,Yes,No,75.4,75.6,C
825,Female,1.6,72.5,8.2,High School,Yes,Yes,No,85.7,93.9,A
439,Male,2.8,86.7,6.7,Masters,Yes,No,No,69.3,79.3,C
454,Female,3.2,82.9,6.6,,No,No,No,61.9,85.4,B
661,Female,,85,8.2,Bachelors,Yes,No,No,71.9,95.2,A
796,Male,5.6,81.4,,Bachelors,Yes,Yes,No,78.5,100,A
739,Male,6,,6.6,Masters,Yes,Yes,No,72.2,93.1,A
308,Female,4.4,71.5,6.6,High School,Yes,Yes,Yes,48.8,72.8,C
859,Female,2.5,100,6.6,Bachelors,Yes,Yes,No,75.3,84.8,B
515,Female,4.1,92,6.7,Masters,Yes,Yes,Yes,79.6,97.2,A
234,Female,3.8,96.5,8.5,Bachelors,Yes,Yes,No,90,100,A
260,Male,3.1,89.3,5.9,Masters,Yes,Yes,No,78.2,94.3,A
33,Female,5.3,100,7.3,Masters,Yes,Yes,No,67.7,100,A
444,Female,3.1,85.2,6.4,,Yes,Yes,No,84,86,B
381,Female,3.4,100,6.8,Bachelors,No,Yes,No,44.7,77.4,C
915,female,2.5,95.5,7.2,,Yes,No,No,48.6,76.9,C
891,Male ,7,91.8,8.2,Bachelors,Yes,Yes,Yes,64.9,100,A
769,Female,6,72.4,5.6,Bachelors,Yes,No,No,61.4,85.5,B
533,Male,2.8,83.3,6.9,Bachelors,Yes,No,No,61.5,68.6,D
253,Female,1.6,100,5.6,High School,No,No,No,70.7,75.8,C
397,Female,4.1,70,5.4,High School,Yes,Yes,No,70.3,76.1,C
86,Male,0.5,78.9,9.6,Bachelors,Yes,Yes,Yes,70,63.9,D
302,Male,2.9,87,5,High School,Yes,Yes,No,61,82.4,B
211,Male,,91.2,6.1,Bachelors,Yes,Yes,No,49.5,81.2,B
663,Male,5.7,81.7,7.3,Bachelors,Yes,Yes,No,69,94.2,A
686,Female,4.2,,8.8,Bachelors,No,Yes,Yes,76.8,91.7,A
519,Female,3.8,83.9,5,High School,Yes,Yes,Yes,54.7,67.6,D
40,Male,5.6,65.3,,Masters,Yes,Yes,No,85.5,91.6,A
431,Male,3.9,63.5,7.4,High School,Yes,No,No,83.4,81.2,B
828,Female,4.8,80.5,8.6,Bachelors,No,Yes,Yes,67.2,77.6,C
684,Female,4,94.3,7.6,Masters,No,Yes,No,65.1,79.3,C
281,Female,,75,7.8,Bachelors,No,No,No,75.3,81.1,B
228,female,1.8,84.2,6.8,PhD,Yes,No,Yes,75.9,90,A
840,Male,3.3,98.2,5.6,PhD,Yes,No,Yes,63.9,82.9,B
710,female,3.4,84.2,8.3,Bachelors,Yes,No,Yes,58,72.1,C
578,Female,4.6,91.5,5.5,High School,Yes,Yes,No,68.2,95.5,A
138,Male,4.4,75.4,6.4,High School,Yes,No,No,67.4,80.9,B
141,Female,1.1,100,7.3,Masters,Yes,No,Yes,72.9,82.4,B
685,Male,3.4,94.7,5.3,High School,Yes,Yes,No,70.2,83.8,B
972,Male,4.1,86.4,4.2,Masters,No,Yes,Yes,71.5,75.6,C
942,Male,3.3,81.1,6.1,Bachelors,No,Yes,No,66.3,85.3,B
583,Female,3.4,83.1,4.6,High School,Yes,No,No,85.8,76.7,C
101,Male,2.5,,6.3,High School,Yes,Yes,No,51.2,74.5,C
467,female,2.5,73.1,5.5,High School,Yes,No,Yes,79.2,77.1,C
714,Female,4,93.2,7.5,High School,Yes,No,No,62.3,95.6,A
503,Male,4.4,80.3,6.3,High School,No,Yes,No,76,93.3,A
675,Female,4.7,93.5,7.2,Bachelors,Yes,Yes,No,49.1,83.8,B
762,Female,,76.7,5.9,Masters,No,Yes,Yes,62.3,74,C
517,Female,3.5,96.7,6.1,High School,Yes,No,No,70.1,84.2,B
560,Female,1.9,81.3,5.4,High School,Yes,Yes,Yes,80.4,73.5,C
797,Male,4.9,83.2,5.5,Masters,Yes,No,No,84.1,93.4,A
833,Male,2.2,100,5.9,High School,Yes,Yes,Yes,82.7,78.1,C
22,Male,3.3,100,7.8,,Yes,Yes,No,83.9,100,A
541,Male,2.7,59.7,6.7,Masters,No,No,Yes,84.5,75.6,C
438,Female,3,78.5,5.1,Masters,Yes,Yes,No,69.1,76.5,C
830,Female,5.4,87.7,8.9,High School,Yes,No,No,93.3,100,A
87,Female,1.2,83.7,5.9,Bachelors,Yes,No,No,83.1,79,C
303,Male,4.6,87.8,7.7,Bachelors,Yes,Yes,No,56.2,91,A
781,Male,5.6,76.9,6.3,Bachelors,No,Yes,No,64.6,79.1,C
441,Male,5.9,74.1,8.3,High School,Yes,Yes,No,57.2,98.9,A
499,Male,4.5,84.7,3.5,Bachelors,No,No,Yes,56.1,61.8,D
567,Female,1.6,75.9,7.4,High School,Yes,No,No,100,92.6,A
918,Female,2.4,87.5,5.6,Bachelors,Yes,Yes,Yes,64.2,88.1,B
288,Male,2.9,75.8,6.2,High School,No,Yes,No,52.2,61.5,D
434,Female,5.1,75.1,4.5,Bachelors,Yes,Yes,No,65.9,89.4,B
529,Female,3.4,67,7.6,PhD,No,No,No,93.4,84.3,B
711,Male,3.6,91.7,8.1,Bachelors,Yes,Yes,No,78.3,94.6,A
569,Male,3.4,79,5.7,,Yes,No,Yes,59.5,76.2,C
188,Male,3.2,71.4,6.7,Bachelors,Yes,Yes,Yes,69,83.1,B
811,Male ,3.5,89.3,7.7,Bachelors,Yes,Yes,No,62.8,85.9,B
631,male,2.5,82.4,5,,Yes,No,No,73.3,77.6,C
269,Male,7.4,88.4,6,,Yes,No,No,66.6,100,A
456,Male,4.5,66.2,5,High School,Yes,No,No,63.3,72.7,C
688,Male,1.6,87,8.8,High School,Yes,No,No,88.7,74.4,C
527,Male,-3,-15,5.9,,Yes,Yes,Yes,66.8,84.8,B
592,Female,0.5,94.5,5.8,Bachelors,Yes,Yes,No,59.9,63.2,D
628,Female,2.5,75.6,5.1,Bachelors,Yes,No,Yes,60.7,61.9,D
338,Male,4.6,91.2,8.6,Bachelors,Yes,No,No,60.3,94.9,A
70,Female,2.3,67.4,8.6,High School,Yes,No,No,90.9,85.1,B
18,Female,3.6,92.2,6.5,Bachelors,Yes,Yes,Yes,60.2,75.5,C
445,Female,1.5,,4.8,Bachelors,Yes,Yes,Yes,86.2,80.7,B
345,Male,3.8,82.8,8.3,High School,Yes,No,No,53.8,97.5,A
470,Female,2.6,-15,6.2,,Yes,Yes,Yes,74.8,89.9,B
174,Female,2.9,82.3,7.9,High School,Yes,Yes,No,53.2,82.6,B
317,Male,2.4,91.3,9.2,Masters,No,Yes,Yes,71.1,72.9,C
170,Female,2.9,130,7.4,Bachelors,No,Yes,Yes,60.1,78.1,C
417,Male,3.6,77.9,7.2,Masters,No,No,No,47.9,76,C
806,Female,1.5,89.6,7.7,Bachelors,Yes,No,No,73.6,82.1,B
476,Female,1.2,93.1,7.4,,Yes,No,No,79.3,85,B
255,Male,3,85.2,9,Bachelors,Yes,Yes,Yes,78.2,87.6,B
745,Male,4,89.4,6.7,High School,Yes,Yes,No,87.2,89.5,B
164,Female,2.6,97.3,9.3,Masters,Yes,Yes,No,75.6,90.2,A
649,Female,2.8,95.6,6.9,Masters,Yes,Yes,No,65,88.9,B
588,Male,2.5,86.9,9.2,Masters,Yes,Yes,No,65.6,85,B
249,Male,2,81.7,8.8,High School,Yes,Yes,No,79.9,82.7,B
